ns,time
100,0.001495239
200,0.002003949
400,0.002240277
800,0.003007178
1600,0.012774923
3200,0.012763987
6400,0.025276464
12800,0.088794956
25600,0.104273687
51200,0.222711385
102400,0.745958219
204800,0.888371313
409600,1.96295086
