ns,time
100,0.001633483
200,0.002144985
400,0.002369033
800,0.003233352
1600,0.012670605
3200,0.010829985
6400,0.018681126
12800,0.07473226
25600,0.079492403
51200,0.145325861
102400,0.463881264
204800,0.641938204
409600,1.235213207
