ns,time
100,0.001425296
200,0.001869681
400,0.002875679
800,0.005831235
1600,0.036144722
3200,0.038830804
6400,0.084007496
12800,0.304440968
25600,0.378319223
51200,0.838350983
102400,2.700690087
204800,3.306728865
409600,7.500908242
