ns,time
100,0.001458522
200,0.001962283
400,0.00251658
800,0.004099589
1600,0.018280661
3200,0.021838265
6400,0.044739424
12800,0.170360595
25600,0.201601996
51200,0.433350736
102400,1.410144893
204800,1.729680821
409600,3.844397034
