ns,time
100,0.001381944
200,0.001910008
400,0.004059947
800,0.009686924
1600,0.059180347
3200,0.075088097
6400,0.165342791
12800,0.614977843
25600,0.74402406
51200,1.664850934
102400,5.265090028
204800,6.445381752
409600,14.743245022
