ns,time
100,0.001410743
200,0.001685581
400,0.001968292
800,0.002400936
1600,0.009858204
3200,0.007258162
6400,0.00913019
12800,0.026296497
25600,0.024785228
51200,0.038537694
102400,0.130959689
204800,0.154122808
409600,0.269568146
819200,0.92756826
1638400,1.230962244
