ns,time
100,0.001667053
200,0.001951392
400,0.002330643
800,0.002760836
1600,0.011070774
3200,0.007280095
6400,0.008903727
12800,0.022349397
25600,0.019792427
51200,0.029269303
102400,0.09758073
204800,0.118393301
409600,0.199934201
819200,0.664696288
1638400,0.880226684
