ns,time
100,0.000943787
200,0.001242577
400,0.002543645
800,0.005597984
1600,0.042438765
3200,0.051010826
6400,0.097588626
12800,0.400742704
25600,0.494625492
51200,0.975419784
102400,3.515384995
204800,4.251911106
409600,8.588062439
819200,29.883522776
1638400,35.306599846
