ns,time
100,0.001049021
200,0.001396172
400,0.001606678
800,0.0019842
1600,0.010247788
3200,0.009904007
6400,0.016200327
12800,0.068386318
25600,0.073190382
51200,0.135684194
102400,0.515478678
204800,0.605517745
409600,1.1733133
819200,4.129941801
1638400,5.010037066
