ns,time
100,0.001535587
200,0.001832137
400,0.002123286
800,0.00256554
1600,0.010946332
3200,0.007135643
6400,0.008596119
12800,0.021777952
25600,0.020599949
51200,0.0308949
102400,0.106259398
204800,0.127678591
409600,0.223060957
819200,0.765023925
1638400,0.97817745
