ns,time
100,0.001800837
200,0.002065096
400,0.002484409
800,0.002981945
1600,0.010984113
3200,0.007483574
6400,0.008786299
12800,0.022354562
25600,0.019763229
51200,0.027973381
102400,0.092242593
204800,0.110980461
409600,0.185235623
819200,0.61038926
1638400,0.816440599
