ns,time
100,0.000984361
200,0.001277259
400,0.001925457
800,0.003547126
1600,0.024923541
3200,0.028004595
6400,0.051898008
12800,0.211605671
25600,0.256808976
51200,0.501132019
102400,1.852498007
204800,2.203492169
409600,4.391309857
819200,15.416698863
1638400,18.233939697
