ns,time
100,0.001192076
200,0.001509826
400,0.001735203
800,0.002122054
1600,0.009612349
3200,0.007862346
6400,0.011457164
12800,0.041339177
25600,0.043173003
51200,0.076101616
102400,0.277542976
204800,0.3350504
409600,0.632839391
819200,2.249805121
1638400,2.717730467
