ns,time
100,0.001274028
200,0.001584048
400,0.001809648
800,0.002277452
1600,0.009902301
3200,0.006991873
6400,0.009141398
12800,0.027819762
25600,0.027592385
51200,0.045765108
102400,0.167154879
204800,0.197289799
409600,0.358826146
819200,1.255470947
1638400,1.571665385
