ns,time
100,0.00100587
200,0.001299049
400,0.001625739
800,0.002434403
1600,0.014898838
3200,0.015131495
6400,0.027646461
12800,0.12111821
25600,0.132817402
51200,0.255839272
102400,0.955921168
204800,1.130287963
409600,2.23552287
819200,7.887230798
1638400,9.374178498
