ns,num_thread,elapsed
100,4,0.00101015
200,4,0.00116848
400,4,0.00146032
800,4,0.0021256
1600,4,0.0044696
3200,4,0.00740448
6400,4,0.0159677
12800,4,0.027883
25600,4,0.0641203
51200,4,0.114139
102400,4,0.263737
204800,4,0.472705
409600,4,1.05382
