ns,num_thread,elapsed
100,32,0.00208401
200,32,0.00185227
400,32,0.00189201
800,32,0.00267276
1600,32,0.00349668
3200,32,0.00501454
6400,32,0.00766959
12800,32,0.0116365
25600,32,0.0239712
51200,32,0.0488497
102400,32,0.0940172
204800,32,0.181733
409600,32,0.408094
