ns,time
100,0.000991303
200,0.001549665
400,0.001735219
800,0.002446408
1600,0.003168287
3200,0.004548911
6400,0.007020969
12800,0.010856479
25600,0.02241347
51200,0.036886365
102400,0.08484172
204800,0.151255652
409600,0.344166515
