ns,time
100,0.000247564
200,0.000513496
400,0.001107227
800,0.002218131
1600,0.004911167
3200,0.009166754
6400,0.020681226
12800,0.038708188
25600,0.087587796
51200,0.161604388
102400,0.363202119
204800,0.672517757
409600,1.519033176
