ns,num_thread,elapsed
100,2,0.000842066
200,2,0.00117665
400,2,0.00157435
800,2,0.00217651
1600,2,0.00496719
3200,2,0.00922931
6400,2,0.0210095
12800,2,0.038686
25600,2,0.0862354
51200,2,0.159809
102400,2,0.361651
204800,2,0.661495
409600,2,1.48619
