ns,time
100,0.000602004
200,0.000938748
400,0.001088244
800,0.001604007
1600,0.002421539
3200,0.003700596
6400,0.007159479
12800,0.011225718
25600,0.024689795
51200,0.04183632
102400,0.09827216
204800,0.1774697
409600,0.418979995
