ns,num_thread,elapsed
100,8,0.00100466
200,8,0.00107727
400,8,0.00122649
800,8,0.00175525
1600,8,0.00333859
3200,8,0.00512701
6400,8,0.0105637
12800,8,0.0173503
25600,8,0.0401205
51200,8,0.070341
102400,8,0.159841
204800,8,0.278728
409600,8,0.634134
