ns,num_thread,elapsed
100,16,0.00138677
200,16,0.001315
400,16,0.00134608
800,16,0.00187988
1600,16,0.00282378
3200,16,0.00416966
6400,16,0.00799849
12800,16,0.0124693
25600,16,0.0263089
51200,16,0.0446277
102400,16,0.104926
204800,16,0.181232
409600,16,0.412929
