ns,time
100,0.000353542
200,0.000595857
400,0.001070999
800,0.001782
1600,0.003889037
3200,0.00679462
6400,0.014843955
12800,0.025956714
25600,0.060035495
51200,0.107655912
102400,0.247934877
204800,0.449196631
409600,1.037146303
