ns,num_thread,elapsed
100,1,0.00172912
200,1,0.00129267
400,1,0.00193297
800,1,0.00331018
1600,1,0.00776333
3200,1,0.0147486
6400,1,0.0337047
12800,1,0.062698
25600,1,0.142362
51200,1,0.260659
102400,1,0.590821
204800,1,1.08874
409600,1,2.41083
