ns,time
100,0.000313083
200,0.00069198
400,0.001738815
800,0.003452142
1600,0.008059998
3200,0.015425426
6400,0.035250383
12800,0.066403951
25600,0.149885701
51200,0.277456097
102400,0.62144324
204800,1.155584321
409600,2.568072539
