ns,time
100,0.000472547
200,0.00078485
400,0.001036873
800,0.001667257
1600,0.002815607
3200,0.004679379
6400,0.009584645
12800,0.016727282
25600,0.037825884
51200,0.066672668
102400,0.155543115
204800,0.276662574
409600,0.646230013
